hostname,worker_id,start_time,stop_time,task_type,return_code
normandy,Worker-5ac20509-75a4-4bb4-b216-b4814c9bb8ef,1686774932.4957657,1686774933.3514383,0,1
normandy,Worker-4ec75f34-2296-432a-8602-bb6eccade9c2,1686774932.5150743,1686774933.391131,0,1
normandy,Worker-5a79c655-5d52-43f1-a223-99d2b129a747,1686774932.4941912,1686774933.4114518,0,1
normandy,Worker-4ec75f34-2296-432a-8602-bb6eccade9c2,1686774932.493952,1686774933.505094,0,1
normandy,Worker-5ac20509-75a4-4bb4-b216-b4814c9bb8ef,1686774932.493761,1686774933.7512386,0,2
normandy,Worker-c1e71f26-ef10-4b84-9a6e-8a17196892b9,1686774932.4943047,1686774933.8725383,0,2
normandy,Worker-c1e71f26-ef10-4b84-9a6e-8a17196892b9,1686774932.509696,1686774934.0002825,0,2
normandy,Worker-5ac20509-75a4-4bb4-b216-b4814c9bb8ef,1686774933.352577,1686774934.2494938,0,1
normandy,Worker-4ec75f34-2296-432a-8602-bb6eccade9c2,1686774933.3929205,1686774934.3909729,0,1
normandy,Worker-5a79c655-5d52-43f1-a223-99d2b129a747,1686774933.4138935,1686774934.4362705,0,1
normandy,Worker-5a79c655-5d52-43f1-a223-99d2b129a747,1686774932.5073056,1686774934.5009797,0,1
normandy,Worker-5ac20509-75a4-4bb4-b216-b4814c9bb8ef,1686774933.7519913,1686774934.7246068,0,1
normandy,Worker-c1e71f26-ef10-4b84-9a6e-8a17196892b9,1686774933.8745615,1686774935.114381,0,1
normandy,Worker-5ac20509-75a4-4bb4-b216-b4814c9bb8ef,1686774934.2505066,1686774935.333141,0,1
normandy,Worker-5a79c655-5d52-43f1-a223-99d2b129a747,1686774934.5017529,1686774935.3779705,0,1
normandy,Worker-5a79c655-5d52-43f1-a223-99d2b129a747,1686774934.4372146,1686774935.6161368,0,1
normandy,Worker-5a79c655-5d52-43f1-a223-99d2b129a747,1686774935.617054,1686774936.58625,0,1
normandy,Worker-5ac20509-75a4-4bb4-b216-b4814c9bb8ef,1686774934.7257404,1686774936.5914142,0,1
normandy,Worker-c1e71f26-ef10-4b84-9a6e-8a17196892b9,1686774934.0013087,1686774936.7162342,0,1
normandy,Worker-5ac20509-75a4-4bb4-b216-b4814c9bb8ef,1686774935.3342648,1686774937.0759048,0,1
normandy,Worker-4ec75f34-2296-432a-8602-bb6eccade9c2,1686774934.3935099,1686774937.3794177,0,1
normandy,Worker-5ac20509-75a4-4bb4-b216-b4814c9bb8ef,1686774936.592389,1686774937.488053,0,1
normandy,Worker-5a79c655-5d52-43f1-a223-99d2b129a747,1686774936.5874553,1686774937.558516,0,1
normandy,Worker-4ec75f34-2296-432a-8602-bb6eccade9c2,1686774933.5057943,1686774937.8104036,0,1
normandy,Worker-5ac20509-75a4-4bb4-b216-b4814c9bb8ef,1686774937.079717,1686774938.0122266,0,1
normandy,Worker-c1e71f26-ef10-4b84-9a6e-8a17196892b9,1686774936.7169697,1686774938.0826068,0,1
normandy,Worker-4ec75f34-2296-432a-8602-bb6eccade9c2,1686774937.3829386,1686774938.227817,0,1
normandy,Worker-5a79c655-5d52-43f1-a223-99d2b129a747,1686774935.379925,1686774938.2917867,0,1
normandy,Worker-5a79c655-5d52-43f1-a223-99d2b129a747,1686774937.5595832,1686774938.6051302,0,1
normandy,Worker-5ac20509-75a4-4bb4-b216-b4814c9bb8ef,1686774937.488916,1686774938.6094956,0,1
normandy,Worker-c1e71f26-ef10-4b84-9a6e-8a17196892b9,1686774935.115722,1686774938.8711348,0,3
normandy,Worker-4ec75f34-2296-432a-8602-bb6eccade9c2,1686774937.8111732,1686774938.93045,0,1
normandy,Worker-c1e71f26-ef10-4b84-9a6e-8a17196892b9,1686774938.0836155,1686774939.046394,0,1
normandy,Worker-5a79c655-5d52-43f1-a223-99d2b129a747,1686774938.292605,1686774939.1011226,0,1
normandy,Worker-4ec75f34-2296-432a-8602-bb6eccade9c2,1686774938.2285674,1686774939.4572446,0,2
normandy,Worker-5a79c655-5d52-43f1-a223-99d2b129a747,1686774938.6060748,1686774939.6030133,0,1
normandy,Worker-5ac20509-75a4-4bb4-b216-b4814c9bb8ef,1686774938.6104903,1686774939.6414275,0,1
normandy,Worker-5ac20509-75a4-4bb4-b216-b4814c9bb8ef,1686774938.0130851,1686774939.6883976,0,1
normandy,Worker-4ec75f34-2296-432a-8602-bb6eccade9c2,1686774938.9311306,1686774939.7555077,0,1
normandy,Worker-5a79c655-5d52-43f1-a223-99d2b129a747,1686774939.102072,1686774939.810522,0,1
normandy,Worker-c1e71f26-ef10-4b84-9a6e-8a17196892b9,1686774939.0473945,1686774940.3829308,0,2
normandy,Worker-c1e71f26-ef10-4b84-9a6e-8a17196892b9,1686774938.872969,1686774940.5495086,0,2
normandy,Worker-5a79c655-5d52-43f1-a223-99d2b129a747,1686774939.6037004,1686774940.6319997,0,1
normandy,Worker-4ec75f34-2296-432a-8602-bb6eccade9c2,1686774939.756233,1686774940.7333548,0,1
normandy,Worker-5ac20509-75a4-4bb4-b216-b4814c9bb8ef,1686774939.6891267,1686774940.7676616,0,1
normandy,Worker-5a79c655-5d52-43f1-a223-99d2b129a747,1686774939.8114069,1686774940.7886536,0,1
normandy,Worker-4ec75f34-2296-432a-8602-bb6eccade9c2,1686774939.4581385,1686774940.931736,0,2
normandy,Worker-5ac20509-75a4-4bb4-b216-b4814c9bb8ef,1686774939.6423514,1686774941.3042612,0,1
normandy,Worker-5a79c655-5d52-43f1-a223-99d2b129a747,1686774940.6328542,1686774941.4238856,0,1
normandy,Worker-c1e71f26-ef10-4b84-9a6e-8a17196892b9,1686774940.3851705,1686774941.562542,0,1
normandy,Worker-4ec75f34-2296-432a-8602-bb6eccade9c2,1686774940.7341695,1686774941.5873964,0,1
normandy,Worker-5a79c655-5d52-43f1-a223-99d2b129a747,1686774940.7893906,1686774941.6621332,0,1
normandy,Worker-4ec75f34-2296-432a-8602-bb6eccade9c2,1686774940.9324403,1686774941.749831,0,1
normandy,Worker-5ac20509-75a4-4bb4-b216-b4814c9bb8ef,1686774941.3052382,1686774941.9810874,0,1
normandy,Worker-5ac20509-75a4-4bb4-b216-b4814c9bb8ef,1686774940.7684,1686774942.1765594,0,2
normandy,Worker-5a79c655-5d52-43f1-a223-99d2b129a747,1686774941.662986,1686774942.4914892,0,1
normandy,Worker-5a79c655-5d52-43f1-a223-99d2b129a747,1686774941.424848,1686774942.6425974,0,2
normandy,Worker-c1e71f26-ef10-4b84-9a6e-8a17196892b9,1686774940.550188,1686774942.70358,0,1
normandy,Worker-4ec75f34-2296-432a-8602-bb6eccade9c2,1686774941.5880346,1686774942.777138,0,2
normandy,Worker-c1e71f26-ef10-4b84-9a6e-8a17196892b9,1686774941.5634243,1686774942.8830516,0,1
normandy,Worker-5ac20509-75a4-4bb4-b216-b4814c9bb8ef,1686774941.9818847,1686774942.893475,0,1
normandy,Worker-5ac20509-75a4-4bb4-b216-b4814c9bb8ef,1686774942.1774573,1686774943.1530638,0,1
normandy,Worker-4ec75f34-2296-432a-8602-bb6eccade9c2,1686774941.7505465,1686774943.3035643,0,2
normandy,Worker-c1e71f26-ef10-4b84-9a6e-8a17196892b9,1686774942.7043765,1686774943.5594656,0,1
normandy,Worker-4ec75f34-2296-432a-8602-bb6eccade9c2,1686774942.7779584,1686774943.6433825,0,1
normandy,Worker-5a79c655-5d52-43f1-a223-99d2b129a747,1686774942.6436024,1686774943.7987506,0,1
normandy,Worker-c1e71f26-ef10-4b84-9a6e-8a17196892b9,1686774942.8848534,1686774943.8912148,0,1
normandy,Worker-5ac20509-75a4-4bb4-b216-b4814c9bb8ef,1686774942.89439,1686774943.9359732,0,1
normandy,Worker-4ec75f34-2296-432a-8602-bb6eccade9c2,1686774943.3043332,1686774944.1983109,0,1
normandy,Worker-4ec75f34-2296-432a-8602-bb6eccade9c2,1686774943.6441774,1686774944.4317954,0,1
normandy,Worker-5a79c655-5d52-43f1-a223-99d2b129a747,1686774942.4923847,1686774944.6487617,0,1
normandy,Worker-5ac20509-75a4-4bb4-b216-b4814c9bb8ef,1686774943.153818,1686774944.9691455,0,2
normandy,Worker-5a79c655-5d52-43f1-a223-99d2b129a747,1686774943.7995338,1686774945.0048676,0,1
normandy,Worker-4ec75f34-2296-432a-8602-bb6eccade9c2,1686774944.1991782,1686774945.16509,0,1
normandy,Worker-5ac20509-75a4-4bb4-b216-b4814c9bb8ef,1686774943.9370496,1686774945.7033482,0,1
normandy,Worker-5a79c655-5d52-43f1-a223-99d2b129a747,1686774944.6496131,1686774945.9304872,1,0
normandy,Worker-c1e71f26-ef10-4b84-9a6e-8a17196892b9,1686774943.5603664,1686774946.1869872,0,2
normandy,Worker-4ec75f34-2296-432a-8602-bb6eccade9c2,1686774945.1660664,1686774946.1997478,0,1
normandy,Worker-5a79c655-5d52-43f1-a223-99d2b129a747,1686774945.0056055,1686774946.2422779,1,0
normandy,Worker-5ac20509-75a4-4bb4-b216-b4814c9bb8ef,1686774944.9703221,1686774946.254414,1,0
normandy,Worker-c1e71f26-ef10-4b84-9a6e-8a17196892b9,1686774943.8932288,1686774946.4800384,0,2
normandy,Worker-4ec75f34-2296-432a-8602-bb6eccade9c2,1686774944.4327447,1686774946.8947685,0,1
normandy,Worker-5ac20509-75a4-4bb4-b216-b4814c9bb8ef,1686774945.7041225,1686774946.9974673,1,0
normandy,Worker-c1e71f26-ef10-4b84-9a6e-8a17196892b9,1686774946.1878338,1686774947.1072917,0,1
normandy,Worker-5a79c655-5d52-43f1-a223-99d2b129a747,1686774945.931378,1686774947.2087443,1,0
normandy,Worker-c1e71f26-ef10-4b84-9a6e-8a17196892b9,1686774946.4807835,1686774947.471223,0,1
normandy,Worker-4ec75f34-2296-432a-8602-bb6eccade9c2,1686774946.2005503,1686774947.4795997,1,0
normandy,Worker-5a79c655-5d52-43f1-a223-99d2b129a747,1686774946.2431817,1686774947.516538,1,0
normandy,Worker-5ac20509-75a4-4bb4-b216-b4814c9bb8ef,1686774946.2553053,1686774947.522302,1,0
normandy,Worker-4ec75f34-2296-432a-8602-bb6eccade9c2,1686774946.896463,1686774948.2041597,1,0
normandy,Worker-5ac20509-75a4-4bb4-b216-b4814c9bb8ef,1686774946.99836,1686774948.3401654,1,0
normandy,Worker-5a79c655-5d52-43f1-a223-99d2b129a747,1686774947.210126,1686774948.5104403,1,0
normandy,Worker-5a79c655-5d52-43f1-a223-99d2b129a747,1686774947.5175095,1686774948.7755213,1,0
normandy,Worker-4ec75f34-2296-432a-8602-bb6eccade9c2,1686774947.4802957,1686774948.7769105,1,0
normandy,Worker-5ac20509-75a4-4bb4-b216-b4814c9bb8ef,1686774947.523216,1686774948.7924528,1,0
normandy,Worker-c1e71f26-ef10-4b84-9a6e-8a17196892b9,1686774947.4719508,1686774949.0196962,0,1
normandy,Worker-4ec75f34-2296-432a-8602-bb6eccade9c2,1686774948.2054877,1686774949.5036552,1,0
normandy,Worker-5ac20509-75a4-4bb4-b216-b4814c9bb8ef,1686774948.3410194,1686774949.66591,1,0
normandy,Worker-5a79c655-5d52-43f1-a223-99d2b129a747,1686774948.5122046,1686774949.8391006,1,0
normandy,Worker-4ec75f34-2296-432a-8602-bb6eccade9c2,1686774948.778037,1686774950.05503,1,0
normandy,Worker-5ac20509-75a4-4bb4-b216-b4814c9bb8ef,1686774948.7936544,1686774950.0600035,1,0
normandy,Worker-5a79c655-5d52-43f1-a223-99d2b129a747,1686774948.7766519,1686774950.0603712,1,0
normandy,Worker-4ec75f34-2296-432a-8602-bb6eccade9c2,1686774949.504638,1686774950.8250737,1,0
normandy,Worker-5ac20509-75a4-4bb4-b216-b4814c9bb8ef,1686774949.667915,1686774950.9530768,1,0
normandy,Worker-5a79c655-5d52-43f1-a223-99d2b129a747,1686774949.839948,1686774951.2071843,1,0
normandy,Worker-5ac20509-75a4-4bb4-b216-b4814c9bb8ef,1686774950.0610068,1686774951.4028296,1,0
normandy,Worker-5a79c655-5d52-43f1-a223-99d2b129a747,1686774950.062075,1686774951.4031084,1,0
normandy,Worker-4ec75f34-2296-432a-8602-bb6eccade9c2,1686774950.0559278,1686774951.432538,1,0
normandy,Worker-4ec75f34-2296-432a-8602-bb6eccade9c2,1686774950.8260818,1686774952.093027,1,0
normandy,Worker-5ac20509-75a4-4bb4-b216-b4814c9bb8ef,1686774950.9541256,1686774952.2366226,1,0
normandy,Worker-5a79c655-5d52-43f1-a223-99d2b129a747,1686774951.2078764,1686774952.4922736,1,0
normandy,Worker-5a79c655-5d52-43f1-a223-99d2b129a747,1686774951.4042213,1686774952.6627104,1,0
normandy,Worker-4ec75f34-2296-432a-8602-bb6eccade9c2,1686774951.4333813,1686774952.6708348,1,0
normandy,Worker-5ac20509-75a4-4bb4-b216-b4814c9bb8ef,1686774951.4037256,1686774952.6710665,1,0
normandy,Worker-4ec75f34-2296-432a-8602-bb6eccade9c2,1686774952.0938518,1686774953.3752081,1,0
normandy,Worker-5ac20509-75a4-4bb4-b216-b4814c9bb8ef,1686774952.2377255,1686774953.5121658,1,0
normandy,Worker-5a79c655-5d52-43f1-a223-99d2b129a747,1686774952.4932172,1686774953.7862666,1,0
normandy,Worker-5ac20509-75a4-4bb4-b216-b4814c9bb8ef,1686774952.6721218,1686774953.9588919,1,0
normandy,Worker-5a79c655-5d52-43f1-a223-99d2b129a747,1686774952.6637352,1686774953.975082,1,0
normandy,Worker-4ec75f34-2296-432a-8602-bb6eccade9c2,1686774952.6719167,1686774953.9883623,1,0
normandy,Worker-c1e71f26-ef10-4b84-9a6e-8a17196892b9,1686774949.02057,1686774954.3298762,0,1
normandy,Worker-4ec75f34-2296-432a-8602-bb6eccade9c2,1686774953.377771,1686774954.7200205,1,0
normandy,Worker-5ac20509-75a4-4bb4-b216-b4814c9bb8ef,1686774953.512884,1686774954.795487,1,0
normandy,Worker-c1e71f26-ef10-4b84-9a6e-8a17196892b9,1686774947.1081088,1686774955.1606665,0,1
normandy,Worker-5a79c655-5d52-43f1-a223-99d2b129a747,1686774953.787212,1686774955.1951137,1,0
normandy,Worker-5a79c655-5d52-43f1-a223-99d2b129a747,1686774953.9758947,1686774955.3060565,1,0
normandy,Worker-5ac20509-75a4-4bb4-b216-b4814c9bb8ef,1686774953.9597712,1686774955.3062274,1,0
normandy,Worker-4ec75f34-2296-432a-8602-bb6eccade9c2,1686774953.9891396,1686774955.4905138,1,0
normandy,Worker-c1e71f26-ef10-4b84-9a6e-8a17196892b9,1686774954.3312352,1686774955.7266943,1,0
normandy,Worker-4ec75f34-2296-432a-8602-bb6eccade9c2,1686774954.720851,1686774956.125133,1,0
normandy,Worker-5ac20509-75a4-4bb4-b216-b4814c9bb8ef,1686774954.796321,1686774956.1598854,1,0
normandy,Worker-c1e71f26-ef10-4b84-9a6e-8a17196892b9,1686774955.1613665,1686774956.552956,1,0
normandy,Worker-5a79c655-5d52-43f1-a223-99d2b129a747,1686774955.196037,1686774956.5554433,1,0
normandy,Worker-5a79c655-5d52-43f1-a223-99d2b129a747,1686774955.3072512,1686774956.7308354,1,0
normandy,Worker-5ac20509-75a4-4bb4-b216-b4814c9bb8ef,1686774955.3073,1686774956.7713277,1,0
normandy,Worker-4ec75f34-2296-432a-8602-bb6eccade9c2,1686774955.4948444,1686774956.9201808,1,0
normandy,Worker-c1e71f26-ef10-4b84-9a6e-8a17196892b9,1686774955.7284179,1686774957.1207237,1,0
normandy,Worker-4ec75f34-2296-432a-8602-bb6eccade9c2,1686774956.1286178,1686774957.4802606,1,0
normandy,Worker-5ac20509-75a4-4bb4-b216-b4814c9bb8ef,1686774956.161831,1686774957.6234097,1,0
normandy,Worker-5a79c655-5d52-43f1-a223-99d2b129a747,1686774956.560979,1686774957.8994787,1,0
normandy,Worker-c1e71f26-ef10-4b84-9a6e-8a17196892b9,1686774956.5583317,1686774957.901415,1,0
normandy,Worker-5a79c655-5d52-43f1-a223-99d2b129a747,1686774956.7358294,1686774958.0765514,1,0
normandy,Worker-5ac20509-75a4-4bb4-b216-b4814c9bb8ef,1686774956.7727332,1686774958.0841377,1,0
normandy,Worker-4ec75f34-2296-432a-8602-bb6eccade9c2,1686774956.9244828,1686774958.2362049,1,0
normandy,Worker-c1e71f26-ef10-4b84-9a6e-8a17196892b9,1686774957.1214967,1686774958.4689722,1,0
normandy,Worker-4ec75f34-2296-432a-8602-bb6eccade9c2,1686774957.4846356,1686774958.8261774,1,0
normandy,Worker-5ac20509-75a4-4bb4-b216-b4814c9bb8ef,1686774957.6268508,1686774958.996764,1,0
normandy,Worker-c1e71f26-ef10-4b84-9a6e-8a17196892b9,1686774957.9034395,1686774959.227423,1,0
normandy,Worker-5a79c655-5d52-43f1-a223-99d2b129a747,1686774957.9012303,1686774959.3842864,1,0
normandy,Worker-5ac20509-75a4-4bb4-b216-b4814c9bb8ef,1686774958.089155,1686774959.4182634,1,0
normandy,Worker-5a79c655-5d52-43f1-a223-99d2b129a747,1686774958.0806682,1686774959.4613693,1,0
normandy,Worker-4ec75f34-2296-432a-8602-bb6eccade9c2,1686774958.2400942,1686774959.6001134,1,0
normandy,Worker-c1e71f26-ef10-4b84-9a6e-8a17196892b9,1686774958.469966,1686774959.7972786,1,0
normandy,Worker-4ec75f34-2296-432a-8602-bb6eccade9c2,1686774958.8304887,1686774960.159679,1,0
normandy,Worker-5ac20509-75a4-4bb4-b216-b4814c9bb8ef,1686774959.000059,1686774960.3468068,1,0
normandy,Worker-c1e71f26-ef10-4b84-9a6e-8a17196892b9,1686774959.2290163,1686774960.5515013,1,0
normandy,Worker-5ac20509-75a4-4bb4-b216-b4814c9bb8ef,1686774959.4196026,1686774960.7428281,1,0
normandy,Worker-5a79c655-5d52-43f1-a223-99d2b129a747,1686774959.388192,1686774960.7432568,1,0
normandy,Worker-5a79c655-5d52-43f1-a223-99d2b129a747,1686774959.4665122,1686774960.7664602,1,0
normandy,Worker-4ec75f34-2296-432a-8602-bb6eccade9c2,1686774959.6013477,1686774960.9440453,1,0
normandy,Worker-c1e71f26-ef10-4b84-9a6e-8a17196892b9,1686774959.8005366,1686774961.1428874,1,0
normandy,Worker-4ec75f34-2296-432a-8602-bb6eccade9c2,1686774960.1793058,1686774961.508017,1,0
normandy,Worker-5ac20509-75a4-4bb4-b216-b4814c9bb8ef,1686774960.3518667,1686774961.8814456,1,0
normandy,Worker-c1e71f26-ef10-4b84-9a6e-8a17196892b9,1686774960.553293,1686774961.9044688,1,0
normandy,Worker-5ac20509-75a4-4bb4-b216-b4814c9bb8ef,1686774960.7683551,1686774962.1111934,1,0
normandy,Worker-5a79c655-5d52-43f1-a223-99d2b129a747,1686774960.748198,1686774962.3973,1,0
normandy,Worker-c1e71f26-ef10-4b84-9a6e-8a17196892b9,1686774962.462331,1686774962.8960152,2,0
normandy,Worker-5ac20509-75a4-4bb4-b216-b4814c9bb8ef,1686774962.4629457,1686774962.8969855,2,0
normandy,Worker-4ec75f34-2296-432a-8602-bb6eccade9c2,1686774962.4628327,1686774962.8974254,2,0
normandy,Worker-5a79c655-5d52-43f1-a223-99d2b129a747,1686774962.4682157,1686774962.8989494,2,0
normandy,Worker-5a79c655-5d52-43f1-a223-99d2b129a747,1686774962.4522204,1686774962.8999598,2,0
normandy,Worker-4ec75f34-2296-432a-8602-bb6eccade9c2,1686774962.4626503,1686774962.9005737,2,0
normandy,Worker-c1e71f26-ef10-4b84-9a6e-8a17196892b9,1686774962.4622927,1686774962.9385443,2,0
normandy,Worker-5ac20509-75a4-4bb4-b216-b4814c9bb8ef,1686774962.4634926,1686774962.982198,2,0
normandy,Worker-5a79c655-5d52-43f1-a223-99d2b129a747,1686774962.904415,1686774963.227684,2,0
normandy,Worker-5a79c655-5d52-43f1-a223-99d2b129a747,1686774962.9045393,1686774963.2716389,2,0
normandy,Worker-4ec75f34-2296-432a-8602-bb6eccade9c2,1686774962.903381,1686774963.2721207,2,0
normandy,Worker-4ec75f34-2296-432a-8602-bb6eccade9c2,1686774962.9051332,1686774963.2754314,2,0
normandy,Worker-c1e71f26-ef10-4b84-9a6e-8a17196892b9,1686774962.9407477,1686774963.2859874,2,0
normandy,Worker-5ac20509-75a4-4bb4-b216-b4814c9bb8ef,1686774962.9003148,1686774963.3211806,2,0
normandy,Worker-5ac20509-75a4-4bb4-b216-b4814c9bb8ef,1686774962.9846404,1686774963.3320754,2,0
normandy,Worker-c1e71f26-ef10-4b84-9a6e-8a17196892b9,1686774962.8997188,1686774963.4193316,2,0
normandy,Worker-5a79c655-5d52-43f1-a223-99d2b129a747,1686774963.2318017,1686774963.57055,2,0
normandy,Worker-5a79c655-5d52-43f1-a223-99d2b129a747,1686774963.275245,1686774963.6041143,2,0
normandy,Worker-4ec75f34-2296-432a-8602-bb6eccade9c2,1686774963.2793481,1686774963.6353137,2,0
normandy,Worker-5ac20509-75a4-4bb4-b216-b4814c9bb8ef,1686774963.3223166,1686774963.6487708,2,0
normandy,Worker-4ec75f34-2296-432a-8602-bb6eccade9c2,1686774963.2765672,1686774963.650792,2,0
normandy,Worker-c1e71f26-ef10-4b84-9a6e-8a17196892b9,1686774963.2883835,1686774963.657064,2,0
normandy,Worker-5ac20509-75a4-4bb4-b216-b4814c9bb8ef,1686774963.3336244,1686774963.6623363,2,0
normandy,Worker-c1e71f26-ef10-4b84-9a6e-8a17196892b9,1686774963.421352,1686774963.7618668,2,0
normandy,Worker-5a79c655-5d52-43f1-a223-99d2b129a747,1686774963.5757065,1686774963.9506729,2,0
normandy,Worker-4ec75f34-2296-432a-8602-bb6eccade9c2,1686774963.6523528,1686774963.989981,2,0
normandy,Worker-5a79c655-5d52-43f1-a223-99d2b129a747,1686774963.611199,1686774963.9951143,2,0
normandy,Worker-5ac20509-75a4-4bb4-b216-b4814c9bb8ef,1686774963.6498811,1686774963.9979308,2,0
normandy,Worker-4ec75f34-2296-432a-8602-bb6eccade9c2,1686774963.6367548,1686774964.0134761,2,0
normandy,Worker-5ac20509-75a4-4bb4-b216-b4814c9bb8ef,1686774963.66395,1686774964.005231,2,0
normandy,Worker-c1e71f26-ef10-4b84-9a6e-8a17196892b9,1686774963.6587458,1686774964.0417871,2,0
normandy,Worker-c1e71f26-ef10-4b84-9a6e-8a17196892b9,1686774963.7636492,1686774964.1233625,2,0
normandy,Worker-4ec75f34-2296-432a-8602-bb6eccade9c2,1686774963.993852,1686774964.3272836,2,0
normandy,Worker-5a79c655-5d52-43f1-a223-99d2b129a747,1686774963.9558034,1686774964.3379962,2,0
normandy,Worker-5ac20509-75a4-4bb4-b216-b4814c9bb8ef,1686774964.0015013,1686774964.3391278,2,0
normandy,Worker-5a79c655-5d52-43f1-a223-99d2b129a747,1686774963.9991436,1686774964.3482485,2,0
normandy,Worker-4ec75f34-2296-432a-8602-bb6eccade9c2,1686774964.016199,1686774964.3668284,2,0
normandy,Worker-5ac20509-75a4-4bb4-b216-b4814c9bb8ef,1686774964.0168185,1686774964.3722157,2,0
normandy,Worker-c1e71f26-ef10-4b84-9a6e-8a17196892b9,1686774964.042858,1686774964.379358,2,0
normandy,Worker-c1e71f26-ef10-4b84-9a6e-8a17196892b9,1686774964.1249502,1686774964.497206,2,0
normandy,Worker-4ec75f34-2296-432a-8602-bb6eccade9c2,1686774964.3330889,1686774964.710468,2,0
normandy,Worker-5ac20509-75a4-4bb4-b216-b4814c9bb8ef,1686774964.3465316,1686774964.7151213,2,0
normandy,Worker-5a79c655-5d52-43f1-a223-99d2b129a747,1686774964.3437345,1686774964.7385356,2,0
normandy,Worker-c1e71f26-ef10-4b84-9a6e-8a17196892b9,1686774964.384945,1686774964.7421172,2,0
normandy,Worker-5a79c655-5d52-43f1-a223-99d2b129a747,1686774964.3515325,1686774964.744858,2,0
normandy,Worker-5ac20509-75a4-4bb4-b216-b4814c9bb8ef,1686774964.3780887,1686774964.7482634,2,0
normandy,Worker-4ec75f34-2296-432a-8602-bb6eccade9c2,1686774964.37084,1686774964.7525465,2,0
normandy,Worker-c1e71f26-ef10-4b84-9a6e-8a17196892b9,1686774964.498944,1686774964.851543,2,0
normandy,Worker-5ac20509-75a4-4bb4-b216-b4814c9bb8ef,1686774964.7229817,1686774965.1088521,2,0
normandy,Worker-5a79c655-5d52-43f1-a223-99d2b129a747,1686774964.7478228,1686774965.119111,2,0
normandy,Worker-c1e71f26-ef10-4b84-9a6e-8a17196892b9,1686774964.7465012,1686774965.121875,2,0
normandy,Worker-4ec75f34-2296-432a-8602-bb6eccade9c2,1686774964.756018,1686774965.1206615,2,0
normandy,Worker-5ac20509-75a4-4bb4-b216-b4814c9bb8ef,1686774964.752633,1686774965.1445215,2,0
normandy,Worker-4ec75f34-2296-432a-8602-bb6eccade9c2,1686774964.7147744,1686774965.1455252,2,0
normandy,Worker-5a79c655-5d52-43f1-a223-99d2b129a747,1686774964.7446558,1686774965.1457229,2,0
normandy,Worker-c1e71f26-ef10-4b84-9a6e-8a17196892b9,1686774964.8532448,1686774965.1876626,2,0
normandy,Worker-5ac20509-75a4-4bb4-b216-b4814c9bb8ef,1686774965.148257,1686774965.5082307,2,0
normandy,Worker-4ec75f34-2296-432a-8602-bb6eccade9c2,1686774965.1503766,1686774965.516881,2,0
normandy,Worker-5ac20509-75a4-4bb4-b216-b4814c9bb8ef,1686774965.1134176,1686774965.5191169,2,0
normandy,Worker-c1e71f26-ef10-4b84-9a6e-8a17196892b9,1686774965.1264124,1686774965.5260453,2,0
normandy,Worker-5a79c655-5d52-43f1-a223-99d2b129a747,1686774965.152183,1686774965.552856,2,0
normandy,Worker-c1e71f26-ef10-4b84-9a6e-8a17196892b9,1686774965.1890662,1686774965.5784473,2,0
normandy,Worker-4ec75f34-2296-432a-8602-bb6eccade9c2,1686774965.127254,1686774965.5638142,2,0
normandy,Worker-5a79c655-5d52-43f1-a223-99d2b129a747,1686774965.124745,1686774965.822509,2,0
normandy,Worker-4ec75f34-2296-432a-8602-bb6eccade9c2,1686774965.5227826,1686774965.8892832,2,0
normandy,Worker-5ac20509-75a4-4bb4-b216-b4814c9bb8ef,1686774965.5143478,1686774965.94012,2,0
normandy,Worker-c1e71f26-ef10-4b84-9a6e-8a17196892b9,1686774965.584796,1686774965.9460878,2,0
normandy,Worker-5a79c655-5d52-43f1-a223-99d2b129a747,1686774965.5586984,1686774965.9476535,2,0
normandy,Worker-4ec75f34-2296-432a-8602-bb6eccade9c2,1686774965.5880191,1686774965.9494715,2,0
normandy,Worker-5ac20509-75a4-4bb4-b216-b4814c9bb8ef,1686774965.5268688,1686774965.9505703,2,0
normandy,Worker-c1e71f26-ef10-4b84-9a6e-8a17196892b9,1686774965.531658,1686774965.9537227,2,0
normandy,Worker-5a79c655-5d52-43f1-a223-99d2b129a747,1686774965.824816,1686774966.2235792,2,0
normandy,Worker-4ec75f34-2296-432a-8602-bb6eccade9c2,1686774965.8922217,1686774966.3160148,2,0
normandy,Worker-4ec75f34-2296-432a-8602-bb6eccade9c2,1686774965.9535506,1686774966.339039,2,0
normandy,Worker-5ac20509-75a4-4bb4-b216-b4814c9bb8ef,1686774965.9560406,1686774966.353499,2,0
normandy,Worker-5a79c655-5d52-43f1-a223-99d2b129a747,1686774965.951734,1686774966.3545544,2,0
normandy,Worker-c1e71f26-ef10-4b84-9a6e-8a17196892b9,1686774965.9574156,1686774966.358515,2,0
normandy,Worker-5ac20509-75a4-4bb4-b216-b4814c9bb8ef,1686774965.9478695,1686774966.4340153,2,0
normandy,Worker-4ec75f34-2296-432a-8602-bb6eccade9c2,1686774966.3185968,1686774966.68259,2,0
normandy,Worker-c1e71f26-ef10-4b84-9a6e-8a17196892b9,1686774966.3637264,1686774966.7064326,2,0
normandy,Worker-5ac20509-75a4-4bb4-b216-b4814c9bb8ef,1686774966.3575082,1686774966.7191284,2,0
normandy,Worker-4ec75f34-2296-432a-8602-bb6eccade9c2,1686774966.341911,1686774966.7233312,2,0
normandy,Worker-5a79c655-5d52-43f1-a223-99d2b129a747,1686774966.3590362,1686774966.7286298,2,0
normandy,Worker-c1e71f26-ef10-4b84-9a6e-8a17196892b9,1686774965.9506795,1686774966.753852,2,0
normandy,Worker-5a79c655-5d52-43f1-a223-99d2b129a747,1686774966.2289443,1686774966.7544932,2,0
normandy,Worker-5ac20509-75a4-4bb4-b216-b4814c9bb8ef,1686774966.4363976,1686774966.7913332,2,0
normandy,Worker-4ec75f34-2296-432a-8602-bb6eccade9c2,1686774966.6873813,1686774967.0611274,2,0
normandy,Worker-5ac20509-75a4-4bb4-b216-b4814c9bb8ef,1686774966.7224872,1686774967.0766127,2,0
normandy,Worker-5a79c655-5d52-43f1-a223-99d2b129a747,1686774966.7312422,1686774967.0780227,2,0
normandy,Worker-5ac20509-75a4-4bb4-b216-b4814c9bb8ef,1686774966.792405,1686774967.1227403,2,0
normandy,Worker-5a79c655-5d52-43f1-a223-99d2b129a747,1686774966.7568297,1686774967.1232173,2,0
normandy,Worker-4ec75f34-2296-432a-8602-bb6eccade9c2,1686774966.7260199,1686774967.2363353,2,0
normandy,Worker-c1e71f26-ef10-4b84-9a6e-8a17196892b9,1686774966.7561266,1686774967.239821,2,0
normandy,Worker-5a79c655-5d52-43f1-a223-99d2b129a747,1686774967.0813937,1686774967.5286071,2,0
normandy,Worker-c1e71f26-ef10-4b84-9a6e-8a17196892b9,1686774967.245046,1686774967.6480901,2,0
normandy,Worker-c1e71f26-ef10-4b84-9a6e-8a17196892b9,1686774966.7121222,1686774968.1468003,2,0
